FolderName,FileName,AvgHammingDissimilarity
n000232,0203_01.jpg,0.5616496598639454
n000093,0210_01.jpg,0.5057624113475176
n000493,0201_01.jpg,0.5046768707482994
n000410,0335_01.jpg,0.5040391156462584
n000288,0267_02.jpg,0.5026041666666669
n000052,0052_01.jpg,0.4997829861111111
n000364,0208_01.jpg,0.4993622448979591
n000279,0256_02.jpg,0.4992378048780488
n000122,0260_03.jpg,0.4989370748299318
n000434,0460_01.jpg,0.4984809027777779
n000045,0013_03.jpg,0.4982638888888889
n000746,0090_01.jpg,0.4980620155038759
n000394,0108_02.jpg,0.4971788194444445
n000219,0099_02.jpg,0.4943576388888889
n000324,0179_02.jpg,0.4942602040816328
n000177,0291_02.jpg,0.49383503401360523
n000423,0264_01.jpg,0.4937065972222221
n000074,0021_01.jpg,0.4931972789115648
n000354,0402_03.jpg,0.4929078014184398
n000269,0322_01.jpg,0.49277210884353745
n000447,0328_01.jpg,0.4927721088435374
n000405,0184_01.jpg,0.4925595238095238
n000256,0016_01.jpg,0.49224290780141844
n000256,0002_01.jpg,0.49135638297872347
n000427,0053_02.jpg,0.4912840136054421
n000489,0320_02.jpg,0.4908854166666666
n000400,0174_01.jpg,0.4908854166666665
n000362,0250_01.jpg,0.49053030303030304
n000045,0254_03.jpg,0.490451388888889
n000362,0243_01.jpg,0.48926767676767674
n000078,0308_04.jpg,0.48873299319727903
n000243,0077_01.jpg,0.4885204081632655
n000454,0154_02.jpg,0.4883078231292517
n000527,0205_01.jpg,0.4880952380952382
n000774,0349_01.jpg,0.48806423611111116
n000450,0332_01.jpg,0.48788265306122464
n000067,0153_02.jpg,0.4867621527777779
n000041,0310_03.jpg,0.4861819727891155
n000177,0045_02.jpg,0.4857568027210884
n000444,0386_01.jpg,0.48384353741496605
n000044,0077_01.jpg,0.4836309523809524
n000394,0112_02.jpg,0.4832899305555554
n000320,0189_02.jpg,0.4829931972789115
n000489,0366_02.jpg,0.4826388888888889
n000912,0014_01.jpg,0.48256802721088426
n000354,0023_02.jpg,0.4822695035460994
n001211,0231_02.jpg,0.4819302721088436
n000309,0025_04.jpg,0.48193027210884354
n000998,0149_03.jpg,0.48184523809523816
n000482,0121_01.jpg,0.48171768707483
n000256,0421_02.jpg,0.48160460992907794
n000950,0473_01.jpg,0.48107993197278914
n000082,0023_01.jpg,0.48065476190476186
n000307,0269_02.jpg,0.4800170068027211
n001125,0104_01.jpg,0.47981770833333326
n000998,0322_01.jpg,0.47946428571428573
n000319,0295_01.jpg,0.4793792517006803
n000836,0018_02.jpg,0.47916666666666674
n000484,0458_03.jpg,0.47895408163265313
n000415,0367_01.jpg,0.47878086419753096
n000162,0232_01.jpg,0.4787414965986394
n000474,0157_02.jpg,0.47874149659863935
n000396,0110_01.jpg,0.47852891156462585
n000439,0139_02.jpg,0.47834429824561403
n000480,0018_01.jpg,0.4778645833333334
n000193,0267_02.jpg,0.47767857142857145
n000493,0110_01.jpg,0.47746598639455773
n000836,0157_01.jpg,0.4769965277777779
n000155,0112_01.jpg,0.4768282312925171
n000162,0528_01.jpg,0.4766156462585035
n001156,0244_03.jpg,0.4765625
n000142,0008_03.jpg,0.4764030612244898
n000289,0295_04.jpg,0.4761904761904762
n000118,0134_02.jpg,0.47619047619047616
n000654,0102_01.jpg,0.4761424731182796
n000054,0393_02.jpg,0.47597789115646266
n000410,0395_01.jpg,0.4759778911564626
n000945,0615_01.jpg,0.4756944444444444
n000049,0112_02.jpg,0.47547743055555564
n000074,0133_04.jpg,0.47534013605442177
n000004,0026_01.jpg,0.4751275510204082
n000264,0003_02.jpg,0.4749149659863946
n000020,0379_01.jpg,0.47470238095238104
n000410,0411_01.jpg,0.474702380952381
n000462,0454_02.jpg,0.4744897959183675
n000309,0025_02.jpg,0.4742772108843539
n000289,0121_02.jpg,0.47406462585034026
n000399,0539_01.jpg,0.4738520408163266
n000026,0386_02.jpg,0.473639455782313
n000493,0183_01.jpg,0.473639455782313
n001293,0087_01.jpg,0.47309027777777773
n000319,0014_02.jpg,0.47300170068027203
n000500,0406_01.jpg,0.47300170068027203
n000423,0377_02.jpg,0.47287326388888906
n000489,0022_01.jpg,0.47265625000000006
n001156,0605_03.jpg,0.47222222222222227
n000307,0370_02.jpg,0.47193877551020413
n000487,0063_02.jpg,0.47192028985507245
n000045,0155_02.jpg,0.4713541666666668
n000055,0399_02.jpg,0.47130102040816324
n000486,0208_01.jpg,0.4712837837837839
n000052,0013_01.jpg,0.47092013888888884
n000998,0428_01.jpg,0.47053571428571417
n000059,0028_01.jpg,0.47048611111111116
n000950,0254_01.jpg,0.47045068027210873
n000029,0197_04.jpg,0.47023809523809545
n000142,0365_01.jpg,0.47002551020408156
n000211,0121_02.jpg,0.4700255102040815
n000269,0055_02.jpg,0.46981292517006806
n000386,0256_01.jpg,0.46981292517006806
n000389,0016_02.jpg,0.4692460317460318
n000387,0135_02.jpg,0.4689625850340135
n000098,0432_02.jpg,0.46811224489795916
n000381,0035_02.jpg,0.4681122448979591
n000341,0154_01.jpg,0.4676649305555555
n000454,0302_02.jpg,0.4674744897959185
n000256,0541_01.jpg,0.46742021276595735
n000088,0112_02.jpg,0.4670138888888889
n000423,0239_01.jpg,0.46657986111111116
n000314,0632_01.jpg,0.46636284722222215
n000423,0095_03.jpg,0.46636284722222215
n000232,0031_02.jpg,0.4659863945578231
n000232,0323_02.jpg,0.4659863945578231
n000232,0198_02.jpg,0.4659863945578231
n000394,0027_01.jpg,0.4652777777777777
n000243,0294_02.jpg,0.46513605442176886
n000998,0097_02.jpg,0.46458333333333335
n000093,0174_01.jpg,0.46453900709219853
n000496,0014_02.jpg,0.46449829931972797
n000222,0423_02.jpg,0.46407312925170074
n000354,0067_02.jpg,0.46365248226950373
n000423,0354_02.jpg,0.4633246527777779
n000093,0188_01.jpg,0.46320921985815605
n000320,0421_01.jpg,0.4630102040816326
n000069,0151_02.jpg,0.46301020408163257
n000950,0526_01.jpg,0.46279761904761896
n000654,0016_03.jpg,0.4627016129032259
n000118,0012_02.jpg,0.4625850340136056
n000775,0137_03.jpg,0.46258503401360546
n000319,0329_01.jpg,0.46152210884353734
n000266,0546_02.jpg,0.46130952380952384
n000394,0189_01.jpg,0.46093749999999994
n000066,0056_02.jpg,0.46067176870748294
n000774,0249_02.jpg,0.46050347222222204
n000493,0152_01.jpg,0.4604591836734692
n000256,0406_01.jpg,0.46032801418439734
n000092,0154_02.jpg,0.4602465986394558
n000453,0198_01.jpg,0.4600694444444445
n000240,0152_02.jpg,0.4600340136054422
n000475,0518_03.jpg,0.4600340136054421
n000500,0031_02.jpg,0.45939625850340154
n000314,0422_01.jpg,0.45920138888888884
n000094,0128_01.jpg,0.4591836734693878
n000166,0287_02.jpg,0.4591836734693877
n000493,0267_01.jpg,0.4587585034013605
n000439,0181_01.jpg,0.4586074561403509
n000950,0118_01.jpg,0.45854591836734704
n000420,0173_02.jpg,0.4583333333333334
n000950,0181_01.jpg,0.45812074829931976
n000237,0303_01.jpg,0.4581018518518519
n000044,0024_01.jpg,0.4576955782312924
n000190,0088_02.jpg,0.45768229166666674
n000069,0096_12.jpg,0.4574829931972789
n000945,0337_02.jpg,0.45746527777777773
n000410,0079_02.jpg,0.45727040816326536
n000420,0334_02.jpg,0.45703125
n000493,0151_01.jpg,0.45663265306122425
n000162,0193_01.jpg,0.4562074829931973
n000162,0394_01.jpg,0.45620748299319724
n000313,0198_01.jpg,0.45557598039215685
n000218,0062_01.jpg,0.4555697278911564
n000150,0288_02.jpg,0.4553571428571428
n000211,0099_02.jpg,0.45514455782312935
n000127,0266_01.jpg,0.4551445578231292
n001242,0316_01.jpg,0.45471938775510207
n000447,0329_02.jpg,0.4545068027210885
n000775,0250_01.jpg,0.4545068027210884
n000210,0055_03.jpg,0.45426829268292684
n000474,0124_02.jpg,0.45408163265306123
n000100,0190_02.jpg,0.45365646258503395
n000945,0421_01.jpg,0.45334201388888884
n000355,0253_02.jpg,0.45301870748299317
n000423,0337_04.jpg,0.452907986111111
n000998,0795_01.jpg,0.4526785714285714
n000177,0150_03.jpg,0.45259353741496594
n001211,0014_02.jpg,0.45259353741496594
n000322,0038_02.jpg,0.4523809523809524
n000232,0111_02.jpg,0.45238095238095216
n000021,0035_01.jpg,0.4520399305555556
n000307,0330_01.jpg,0.45195578231292516
n000052,0004_01.jpg,0.45182291666666674
n000493,0243_01.jpg,0.45153061224489793
n000271,0097_02.jpg,0.4510869565217392
n000303,0251_01.jpg,0.4506578947368421
n000356,0326_04.jpg,0.45030381944444436
n001059,0164_01.jpg,0.4501488095238096
n000289,0262_01.jpg,0.4498299319727891
n000461,0358_01.jpg,0.4498299319727891
n001059,0449_01.jpg,0.449404761904762
n000928,0064_05.jpg,0.44900173611111116
n000162,0095_01.jpg,0.4489795918367345
n000352,0053_02.jpg,0.4485544217687076
n000154,0200_05.jpg,0.4483418367346938
n000493,0148_01.jpg,0.4481292517006803
n000287,0409_02.jpg,0.4481292517006802
n000998,0103_01.jpg,0.4479166666666667
n000493,0030_01.jpg,0.44770408163265313
n000357,0468_01.jpg,0.447482638888889
n000438,0555_01.jpg,0.4472789115646258
n000177,0039_03.jpg,0.44706632653061223
n000410,0344_01.jpg,0.44706632653061223
n000394,0410_01.jpg,0.447048611111111
n000290,0293_01.jpg,0.4468537414965986
n000423,0234_01.jpg,0.44683159722222215
n000099,0332_01.jpg,0.4466411564625852
n000041,0117_01.jpg,0.446641156462585
n000325,0286_01.jpg,0.44657258064516137
n000125,0045_02.jpg,0.4465725806451613
n001174,0245_01.jpg,0.44655797101449285
n000026,0288_01.jpg,0.44642857142857134
n000172,0048_01.jpg,0.4462159863945578
n000775,0140_03.jpg,0.4460034013605442
n000500,0151_01.jpg,0.4457908163265308
n000033,0364_01.jpg,0.44579081632653056
n000836,0049_03.jpg,0.44574652777777773
n000232,0159_02.jpg,0.44557823129251706
n000023,0306_01.jpg,0.445529513888889
n000689,0158_05.jpg,0.4451530612244899
n000775,0074_02.jpg,0.44472789115646266
n000423,0216_01.jpg,0.4446614583333333
n000017,0094_02.jpg,0.44444444444444436
n000775,0133_02.jpg,0.44430272108843544
n000093,0075_03.jpg,0.4441489361702128
n000115,0379_01.jpg,0.44410569105691056
n000092,0296_01.jpg,0.44409013605442177
n000232,0006_02.jpg,0.44387755102040816
n000443,0099_02.jpg,0.44387755102040816
n000437,0182_01.jpg,0.44375
n000088,0363_01.jpg,0.44335937499999994
n000950,0500_01.jpg,0.4432397959183674
n000493,0207_01.jpg,0.4426020408163266
n000247,0234_02.jpg,0.4426020408163263
n001277,0347_01.jpg,0.44217687074829926
n000928,0064_01.jpg,0.4420572916666668
n000410,0004_01.jpg,0.4419642857142858
n000928,0005_01.jpg,0.441623263888889
n000189,0090_02.jpg,0.4415391156462586
n000203,0215_02.jpg,0.44111394557823147
n000410,0234_01.jpg,0.44111394557823125
n000400,0200_01.jpg,0.44097222222222215
n001156,0070_02.jpg,0.44097222222222215
n000247,0220_01.jpg,0.4409013605442177
n000487,0318_02.jpg,0.44089673913043476
n000362,0205_01.jpg,0.4406565656565657
n000185,0266_02.jpg,0.44053819444444464
n000493,0420_01.jpg,0.44047619047619047
n000998,0027_02.jpg,0.4401785714285715
n000493,0106_01.jpg,0.44005102040816335
n000493,0328_01.jpg,0.44005102040816335
n000245,0257_01.jpg,0.44005102040816324
n000027,0120_03.jpg,0.4400510204081632
n000325,0185_01.jpg,0.4398521505376345
n000402,0319_02.jpg,0.4394132653061227
n000354,0143_03.jpg,0.4392730496453901
n000654,0238_01.jpg,0.4391801075268817
n000836,0324_01.jpg,0.43901909722222227
n000410,0017_01.jpg,0.4389880952380953
n000041,0244_02.jpg,0.4389880952380952
n000928,0298_01.jpg,0.4388020833333334
n000083,0184_03.jpg,0.4388020833333333
n000059,0081_02.jpg,0.4385850694444445
n000998,0165_01.jpg,0.4383928571428572
n000308,0239_01.jpg,0.43792517006802734
n000950,0163_01.jpg,0.4377125850340138
n000775,0131_03.jpg,0.43749999999999994
n000410,0124_01.jpg,0.43728741496598644
n000308,0282_01.jpg,0.43707482993197283
n000527,0025_01.jpg,0.43707482993197283
n000231,0170_02.jpg,0.4370748299319727
n000072,0080_01.jpg,0.4367732558139533
n000232,0007_03.jpg,0.4366496598639456
n000232,0158_01.jpg,0.43664965986394555
n000188,0450_02.jpg,0.4366496598639455
n000654,0315_02.jpg,0.4364919354838711
n000157,0389_01.jpg,0.43643707482993205
n000408,0217_03.jpg,0.43622448979591844
n001156,0070_01.jpg,0.435763888888889
n000928,0443_01.jpg,0.43554687499999994
n000493,0314_01.jpg,0.435374149659864
n000493,0205_01.jpg,0.43537414965986376
n000493,0237_01.jpg,0.43537414965986376
n000072,0288_01.jpg,0.4353197674418603
n000774,0683_01.jpg,0.43511284722222215
n000052,0176_01.jpg,0.4348958333333333
n001059,0239_01.jpg,0.4345238095238094
n000489,0038_02.jpg,0.4344618055555555
n000410,0055_01.jpg,0.4343112244897959
n000277,0233_02.jpg,0.4342447916666667
n000184,0019_03.jpg,0.43402777777777773
n000359,0546_01.jpg,0.4338860544217686
n000178,0143_01.jpg,0.43384009009008995
n000312,0254_01.jpg,0.4337322695035461
n000785,0589_01.jpg,0.433673469387755
n000486,0017_01.jpg,0.4335585585585585
n000196,0169_01.jpg,0.43346088435374147
n000280,0208_06.jpg,0.43346088435374147
n001174,0149_04.jpg,0.43297101449275366
n000774,0161_05.jpg,0.43250868055555564
n000390,0200_01.jpg,0.4325
n000018,0203_01.jpg,0.4323979591836735
n000293,0031_04.jpg,0.43239795918367346
n000480,0346_03.jpg,0.4322916666666666
n000027,0379_01.jpg,0.43197278911564635
n000654,0367_01.jpg,0.43178763440860224
n000436,0143_02.jpg,0.43158783783783794
n000273,0229_03.jpg,0.43138586956521746
n001174,0043_01.jpg,0.43138586956521746
n000950,0257_01.jpg,0.4313350340136055
n000044,0348_01.jpg,0.43133503401360546
n000086,0160_01.jpg,0.43133503401360535
n000093,0131_01.jpg,0.4312943262411349
n000225,0473_05.jpg,0.4311224489795918
n000193,0253_01.jpg,0.4309098639455783
n000035,0037_02.jpg,0.43090986394557823
n000277,0136_02.jpg,0.4305555555555554
n000082,0576_02.jpg,0.430484693877551
n000371,0101_04.jpg,0.4304078014184398
n000998,0294_01.jpg,0.43005952380952384
n000435,0375_01.jpg,0.42990451388888884
n000659,0271_01.jpg,0.42957427536231885
n000998,0235_01.jpg,0.4294642857142857
n000196,0134_01.jpg,0.42920918367346933
n000423,0027_04.jpg,0.4290364583333333
n000112,0153_01.jpg,0.42899659863945566
n000115,0247_01.jpg,0.42886178861788626
n001156,0232_02.jpg,0.4286024305555555
n000355,0070_01.jpg,0.42835884353741494
n000355,0180_01.jpg,0.42835884353741494
n001211,0117_02.jpg,0.4283588435374149
n000414,0044_03.jpg,0.4279336734693877
n000177,0008_01.jpg,0.4279336734693876
n001277,0523_01.jpg,0.42772108843537404
n000998,0005_01.jpg,0.4276785714285713
n000117,0621_02.jpg,0.4275173611111111
n000045,0256_01.jpg,0.42751736111111094
n000448,0263_01.jpg,0.42730034722222215
n000232,0037_02.jpg,0.4272959183673469
n000290,0264_02.jpg,0.4272959183673468
n000040,0283_01.jpg,0.42708333333333337
n000928,0082_04.jpg,0.4270833333333333
n000265,0588_01.jpg,0.42708333333333326
n001277,0241_05.jpg,0.4268707482993198
n000095,0250_01.jpg,0.42671130952380965
n000229,0213_01.jpg,0.4264455782312925
n000775,0140_02.jpg,0.4264455782312925
n000290,0093_06.jpg,0.42602040816326525
n000350,0253_02.jpg,0.4259982638888889
n000654,0114_02.jpg,0.42573924731182794
n000334,0477_01.jpg,0.42559523809523814
n000474,0141_01.jpg,0.42559523809523797
n000178,0246_01.jpg,0.42539414414414417
n000203,0439_05.jpg,0.4253826530612246
n000015,0045_02.jpg,0.42538265306122447
n000052,0037_01.jpg,0.42534722222222227
n000312,0042_02.jpg,0.42531028368794316
n000118,0112_01.jpg,0.4251700680272109
n000093,0118_01.jpg,0.4250886524822694
n000163,0060_02.jpg,0.42495748299319724
n000244,0008_02.jpg,0.42495748299319713
n001277,0113_01.jpg,0.4247448979591835
n000249,0367_02.jpg,0.42453231292517
n000355,0308_01.jpg,0.42453231292517
n000493,0022_01.jpg,0.42431972789115646
n000232,0282_01.jpg,0.4243197278911564
n000289,0274_01.jpg,0.4243197278911564
n000334,0445_01.jpg,0.4243197278911564
n000237,0069_02.jpg,0.42430555555555555
n000277,0255_02.jpg,0.42426215277777785
n000259,0429_01.jpg,0.4241071428571429
n000290,0143_04.jpg,0.42389455782312907
n000356,0262_01.jpg,0.423828125
n000180,0416_01.jpg,0.42346938775510207
n000354,0431_02.jpg,0.42331560283687963
n000084,0420_01.jpg,0.4232568027210884
n000189,0129_06.jpg,0.4228316326530613
n000037,0009_02.jpg,0.42261904761904767
n000485,0128_01.jpg,0.42240646258503395
n000069,0317_04.jpg,0.4217687074829932
n000335,0177_01.jpg,0.4215561224489795
n000412,0151_02.jpg,0.42113095238095233
n001277,0066_01.jpg,0.4209183673469388
n000775,0495_02.jpg,0.42049319727891143
n000433,0187_01.jpg,0.4202127659574467
n000394,0310_01.jpg,0.41992187500000006
n000097,0438_03.jpg,0.419921875
n000364,0321_01.jpg,0.41985544217687076
n000109,0436_01.jpg,0.41985544217687065
n000193,0208_05.jpg,0.4190051020408164
n000165,0234_02.jpg,0.41879251700680276
n000232,0275_01.jpg,0.4187925170068027
n000493,0095_01.jpg,0.41879251700680264
n000003,0038_01.jpg,0.4185799319727891
n000093,0150_01.jpg,0.4184397163120567
n000352,0176_02.jpg,0.4183673469387754
n000390,0456_01.jpg,0.41833333333333333
n000169,0307_02.jpg,0.4177295918367347
n000325,0073_02.jpg,0.41767473118279574
n000143,0634_01.jpg,0.4175531914893617
n000383,0360_01.jpg,0.4175170068027213
n001256,0269_01.jpg,0.4175170068027211
n000271,0403_01.jpg,0.41734601449275355
n000335,0313_01.jpg,0.4173044217687076
n000025,0100_02.jpg,0.4173044217687075
n000221,0095_02.jpg,0.4173044217687075
n000107,0290_01.jpg,0.4171195652173913
n001127,0074_02.jpg,0.41666666666666674
n000196,0174_01.jpg,0.41645408163265313
n000654,0209_01.jpg,0.4163306451612903
n000100,0420_01.jpg,0.4162414965986394
n000425,0075_01.jpg,0.4162414965986394
n000091,0233_05.jpg,0.41624149659863935
n000053,0113_02.jpg,0.4160289115646258
n000484,0045_01.jpg,0.41602891156462574
n000268,0326_02.jpg,0.416015625
n000271,0008_02.jpg,0.4159873188405797
n000232,0104_02.jpg,0.4158163265306123
n000410,0214_01.jpg,0.4156037414965987
n000439,0193_02.jpg,0.41557017543859653
n000439,0415_02.jpg,0.41557017543859653
n001174,0413_01.jpg,0.4155344202898551
n000836,0060_02.jpg,0.4153645833333335
n001125,0281_01.jpg,0.41536458333333337
n000308,0152_01.jpg,0.4149659863945578
n000493,0013_01.jpg,0.41496598639455773
n000211,0015_02.jpg,0.4147534013605442
n000066,0274_01.jpg,0.41475340136054417
n000190,0165_01.jpg,0.4144965277777777
n000046,0384_01.jpg,0.41411564625850344
n001125,0198_01.jpg,0.4140625000000001
n000093,0122_01.jpg,0.4140070921985818
n000493,0037_01.jpg,0.4136904761904762
n000950,0122_01.jpg,0.4134778911564628
n000197,0270_01.jpg,0.4134778911564626
n000493,0341_01.jpg,0.41326530612244883
n000093,0203_03.jpg,0.41312056737588654
n000093,0160_03.jpg,0.41312056737588654
n000093,0113_01.jpg,0.4131205673758865
n001125,0077_01.jpg,0.4130859375
n000343,0251_01.jpg,0.41284013605442166
n000312,0228_03.jpg,0.4124556737588651
n000296,0411_01.jpg,0.41241496598639465
n000180,0284_01.jpg,0.4124149659863946
n000248,0157_02.jpg,0.4124149659863946
n000775,0206_02.jpg,0.4124149659863946
n000499,0267_01.jpg,0.4122983870967742
n000211,0194_02.jpg,0.4122023809523808
n000162,0022_01.jpg,0.41198979591836743
n000485,0434_01.jpg,0.4117772108843538
n000284,0022_02.jpg,0.4117772108843537
n000232,0045_03.jpg,0.4115646258503401
n000448,0300_01.jpg,0.4112413194444445
n000059,0332_01.jpg,0.4112413194444444
n000124,0164_01.jpg,0.4111394557823129
n000410,0100_01.jpg,0.4109268707482994
n000484,0352_01.jpg,0.41092687074829937
n000347,0510_01.jpg,0.4108072916666667
n000292,0126_01.jpg,0.41071428571428564
n000003,0116_02.jpg,0.4105017006802721
n000093,0225_01.jpg,0.41046099290780136
n000008,0161_01.jpg,0.41028911564625853
n000232,0070_01.jpg,0.41028911564625853
n000308,0287_01.jpg,0.4102891156462585
n000182,0239_01.jpg,0.41028911564625836
n001125,0072_01.jpg,0.41015625
n000480,0253_01.jpg,0.40993923611111116
n001277,0224_01.jpg,0.40986394557823125
n000928,0016_01.jpg,0.40972222222222227
n000335,0270_01.jpg,0.40965136054421786
n000150,0439_02.jpg,0.4094387755102041
n000232,0068_02.jpg,0.4094387755102041
n000182,0209_01.jpg,0.409438775510204
n000342,0219_01.jpg,0.4092261904761905
n000998,0790_01.jpg,0.40922619047619047
n000998,0788_01.jpg,0.4092261904761904
n000410,0198_02.jpg,0.4092261904761903
n000123,0147_01.jpg,0.4090711805555556
n000328,0212_01.jpg,0.4090277777777779
n000124,0185_02.jpg,0.409013605442177
n000654,0095_01.jpg,0.4089381720430107
n000224,0295_01.jpg,0.40880102040816335
n000072,0229_02.jpg,0.408672480620155
n000493,0018_01.jpg,0.4085884353741498
n000467,0152_03.jpg,0.40858843537414963
n000015,0273_02.jpg,0.4083758503401361
n000086,0391_01.jpg,0.408375850340136
n000277,0068_01.jpg,0.408203125
n000232,0054_01.jpg,0.40816326530612246
n000232,0109_01.jpg,0.4081632653061224
n000373,0167_02.jpg,0.40795068027210885
n000297,0393_01.jpg,0.4077380952380953
n000493,0164_01.jpg,0.4077380952380952
n000312,0402_01.jpg,0.40757978723404253
n000051,0260_02.jpg,0.4075520833333334
n000343,0283_01.jpg,0.407312925170068
n000488,0128_02.jpg,0.40714285714285714
n000020,0337_03.jpg,0.4071003401360546
n000775,0476_02.jpg,0.4068877551020409
n000328,0207_01.jpg,0.406712962962963
n000493,0134_01.jpg,0.4064625850340138
n000232,0031_03.jpg,0.40646258503401356
n000089,0255_01.jpg,0.40625
n000479,0391_01.jpg,0.40625
n001211,0081_01.jpg,0.40624999999999994
n000414,0153_02.jpg,0.40624999999999983
n000527,0583_01.jpg,0.4060374149659864
n000140,0174_02.jpg,0.4060374149659863
n000197,0263_01.jpg,0.40582482993197283
n000233,0244_02.jpg,0.4058248299319727
n000410,0202_01.jpg,0.4058248299319727
n000775,0089_01.jpg,0.4056122448979594
n000499,0287_01.jpg,0.4055779569892474
n000380,0414_01.jpg,0.4053996598639457
n000224,0342_01.jpg,0.40539965986394555
n000177,0309_01.jpg,0.4053996598639455
n000246,0005_02.jpg,0.405187074829932
n000060,0407_01.jpg,0.4049744897959184
n000331,0485_01.jpg,0.4047619047619047
n000354,0124_02.jpg,0.4046985815602836
n000047,0243_01.jpg,0.40454931972789115
n000410,0321_01.jpg,0.40454931972789115
n000249,0348_01.jpg,0.4045493197278911
n000290,0124_02.jpg,0.4043367346938777
n000390,0185_01.jpg,0.40416666666666673
n000244,0105_01.jpg,0.40412414965986393
n000480,0452_02.jpg,0.40407986111111094
n000436,0014_01.jpg,0.4039977477477477
n000162,0182_06.jpg,0.40391156462585037
n000349,0026_02.jpg,0.40372474747474746
n000044,0170_01.jpg,0.4036989795918368
n000087,0389_01.jpg,0.40369897959183676
n000354,0269_02.jpg,0.4033687943262413
n000155,0263_03.jpg,0.40327380952380965
n000410,0183_01.jpg,0.40327380952380953
n001156,0469_01.jpg,0.4032118055555556
n000290,0100_03.jpg,0.403061224489796
n000424,0186_01.jpg,0.403061224489796
n000410,0131_01.jpg,0.4028486394557824
n000410,0316_01.jpg,0.40284863945578236
n000950,0525_01.jpg,0.40284863945578236
n000162,0085_02.jpg,0.40263605442176864
n000328,0195_01.jpg,0.4025462962962963
n000278,0099_01.jpg,0.402488425925926
n000410,0159_01.jpg,0.4024234693877551
n000319,0113_02.jpg,0.40242346938775503
n001242,0573_01.jpg,0.40242346938775503
n000102,0334_01.jpg,0.402423469387755
n001125,0121_01.jpg,0.4023437500000001
n000423,0238_01.jpg,0.40234375000000006
n001125,0278_01.jpg,0.4023437499999999
n000446,0321_01.jpg,0.40221088435374147
n000493,0337_01.jpg,0.40221088435374147
n001174,0378_02.jpg,0.40217391304347827
n000131,0280_01.jpg,0.4020833333333333
n000471,0436_01.jpg,0.4019982993197277
n000124,0147_01.jpg,0.4017857142857143
n000408,0200_01.jpg,0.4017857142857142
n001256,0400_01.jpg,0.4017857142857142
n000436,0663_01.jpg,0.40174549549549554
n000400,0366_01.jpg,0.4016927083333333
n000746,0277_01.jpg,0.4016472868217055
n000232,0008_03.jpg,0.4013605442176871
n000438,0430_02.jpg,0.4013605442176871
n000274,0398_01.jpg,0.401360544217687
n000493,0063_02.jpg,0.401360544217687
n000774,0122_02.jpg,0.4012586805555556
n000436,0414_01.jpg,0.40118243243243246
n000319,0293_01.jpg,0.40114795918367346
n000410,0082_01.jpg,0.40114795918367346
n000435,0370_01.jpg,0.40104166666666674
n000290,0127_02.jpg,0.4009353741496599
n001296,0259_01.jpg,0.40093537414965985
n000286,0434_02.jpg,0.40093537414965974
n000335,0092_01.jpg,0.4007227891156462
n000082,0256_03.jpg,0.4007227891156461
n000375,0190_01.jpg,0.4006076388888889
n000225,0657_04.jpg,0.40051020408163257
n000144,0259_01.jpg,0.40039062500000017
n001174,0105_03.jpg,0.40036231884057966
n000007,0116_03.jpg,0.40029761904761907
n000244,0015_01.jpg,0.40029761904761907
n000405,0332_01.jpg,0.400297619047619
n000410,0071_01.jpg,0.40029761904761896
n000247,0203_01.jpg,0.40008503401360546
